﻿<?xml version="1.0" encoding="utf-8" ?>
<CollectionPointLocation xmlns:xsi="http://www.w3.org/2001/XMLSchema-instance" xmlns:xsd="http://www.w3.org/2001/XMLSchema">
  <Buffers>
    <PointLocation>
      <Name>cal_1</Name>
      <Address>1</Address>
    </PointLocation>
    <PointLocation>
      <Name>cal_2</Name>
      <Address>2</Address>
    </PointLocation>
    <PointLocation>
      <Name>cal_3</Name>
      <Address>3</Address>
    </PointLocation>
    <PointLocation>
      <Name>cal_4</Name>
      <Address>4</Address>
    </PointLocation>
    <PointLocation>
      <Name>test_1</Name>
      <Address>1</Address>
    </PointLocation>
    <PointLocation>
      <Name>test_2</Name>
      <Address>2</Address>
    </PointLocation>
    <PointLocation>
      <Name>test_3</Name>
      <Address>3</Address>
    </PointLocation>
    <PointLocation>
      <Name>test_4</Name>
      <Address>4</Address>
    </PointLocation>
    <PointLocation>
      <Name>ar_1</Name>
      <Address>1</Address>
    </PointLocation>
    <PointLocation>
      <Name>ar_2</Name>
      <Address>2</Address>
    </PointLocation>
    <PointLocation>
      <Name>ar_3</Name>
      <Address>3</Address>
    </PointLocation>
    <PointLocation>
      <Name>ar_4</Name>
      <Address>4</Address>
    </PointLocation>
    <PointLocation>
      <Name>inbuffer_1</Name>
      <Address>1</Address>
    </PointLocation>
    <PointLocation>
      <Name>inbuffer_2</Name>
      <Address>2</Address>
    </PointLocation>
    <PointLocation>
      <Name>inbuffer_3</Name>
      <Address>3</Address>
    </PointLocation>
    <PointLocation>
      <Name>inbuffer_4</Name>
      <Address>4</Address>
    </PointLocation>
    <PointLocation>
      <Name>failbuffer_1</Name>
      <Address>1</Address>
    </PointLocation>
    <PointLocation>
      <Name>failbuffer_2</Name>
      <Address>2</Address>
    </PointLocation>
    <PointLocation>
      <Name>failbuffer_3</Name>
      <Address>3</Address>
    </PointLocation>
    <PointLocation>
      <Name>failbuffer_4</Name>
      <Address>4</Address>
    </PointLocation>
    <PointLocation>
      <Name>processbuffer_1</Name>
      <Address>1</Address>
    </PointLocation>
    <PointLocation>
      <Name>processbuffer_2</Name>
      <Address>2</Address>
    </PointLocation>
    <PointLocation>
      <Name>processbuffer_3</Name>
      <Address>3</Address>
    </PointLocation>
    <PointLocation>
      <Name>processbuffer_4</Name>
      <Address>4</Address>
    </PointLocation>
  </Buffers>
</CollectionPointLocation>
